#adm1+code+pcode,#date,#date+valid_on,#date+valid_to
AF01,2017-08-23,2018-05-22,
AF02,2017-08-23,2018-05-22,
AF03,2017-08-23,2018-05-22,
AF04,2017-08-23,2018-05-22,
AF05,2017-08-23,2018-05-22,
AF06,2017-08-23,2018-05-22,
AF07,2017-08-23,2018-05-22,
AF08,2017-08-23,2018-05-22,
AF09,2017-08-23,2018-05-22,
AF10,2017-08-23,2018-05-22,
AF11,2017-08-23,2018-05-22,
AF12,2017-08-23,2018-05-22,
AF13,2017-08-23,2018-05-22,
AF14,2017-08-23,2018-05-22,
AF15,2017-08-23,2018-05-22,
AF16,2017-08-23,2018-05-22,
AF17,2017-08-23,2018-05-22,
AF18,2017-08-23,2018-05-22,
AF19,2017-08-23,2018-05-22,
AF20,2017-08-23,2018-05-22,
AF21,2017-08-23,2018-05-22,
AF22,2017-08-23,2018-05-22,
AF23,2017-08-23,2018-05-22,
AF24,2017-08-23,2018-05-22,
AF25,2017-08-23,2018-05-22,
AF26,2017-08-23,2018-05-22,
AF27,2017-08-23,2018-05-22,
AF28,2017-08-23,2018-05-22,
AF29,2017-08-23,2018-05-22,
AF30,2017-08-23,2018-05-22,
AF31,2017-08-23,2018-05-22,
AF32,2017-08-23,2018-05-22,
AF33,2017-08-23,2018-05-22,
AF34,2017-08-23,2018-05-22,
AO01,2018-08-30,2018-09-04,
AO02,2018-08-30,2018-09-04,
AO03,2018-08-30,2018-09-04,
AO04,2018-08-30,2018-09-04,
AO05,2018-08-30,2018-09-04,
AO06,2018-08-30,2018-09-04,
AO07,2018-08-30,2018-09-04,
AO08,2018-08-30,2018-09-04,
AO09,2018-08-30,2018-09-04,
AO10,2018-08-30,2018-09-04,
AO11,2018-08-30,2018-09-04,
AO12,2018-08-30,2018-09-04,
AO13,2018-08-30,2018-09-04,
AO14,2018-08-30,2018-09-04,
AO15,2018-08-30,2018-09-04,
AO16,2018-08-30,2018-09-04,
AO17,2018-08-30,2018-09-04,
AO18,2018-08-30,2018-09-04,
AR002,2017-10-12,2020-04-04,
AR006,2017-10-12,2020-04-04,
AR010,2017-10-12,2020-04-04,
AR014,2017-10-12,2020-04-04,
AR018,2017-10-12,2020-04-04,
AR022,2017-10-12,2020-04-04,
AR026,2017-10-12,2020-04-04,
AR030,2017-10-12,2020-04-04,
AR034,2017-10-12,2020-04-04,
AR038,2017-10-12,2020-04-04,
AR042,2017-10-12,2020-04-04,
AR046,2017-10-12,2020-04-04,
AR050,2017-10-12,2020-04-04,
AR054,2017-10-12,2020-04-04,
AR058,2017-10-12,2020-04-04,
AR062,2017-10-12,2020-04-04,
AR066,2017-10-12,2020-04-04,
AR070,2017-10-12,2020-04-04,
AR074,2017-10-12,2020-04-04,
AR078,2017-10-12,2020-04-04,
AR082,2017-10-12,2020-04-04,
AR086,2017-10-12,2020-04-04,
AR090,2017-10-12,2020-04-04,
AR094,2017-10-12,2020-04-04,
AM01,2014-10-01,2019-09-13,
AM02,2014-10-01,2019-09-13,
AM03,2014-10-01,2019-09-13,
AM04,2014-10-01,2019-09-13,
AM05,2014-10-01,2019-09-13,
AM06,2014-10-01,2019-09-13,
AM07,2014-10-01,2019-09-13,
AM08,2014-10-01,2019-09-13,
AM09,2014-10-01,2019-09-13,
AM10,2014-10-01,2019-09-13,
AM11,2014-10-01,2019-09-13,
AZ00000003,2020-11-24,2020-11-24,
AZ10100001,2020-11-24,2020-11-24,
AZ10200001,2020-11-24,2020-11-24,
AZ10300001,2020-11-24,2020-11-24,
AZ10400002,2020-11-24,2020-11-24,
AZ10500001,2020-11-24,2020-11-24,
AZ10600001,2020-11-24,2020-11-24,
AZ10700001,2020-11-24,2020-11-24,
AZ10800001,2020-11-24,2020-11-24,
AZ20000002,2020-11-24,2020-11-24,
AZ30100001,2020-11-24,2020-11-24,
AZ30200001,2020-11-24,2020-11-24,
AZ30300001,2020-11-24,2020-11-24,
AZ30400001,2020-11-24,2020-11-24,
AZ30500001,2020-11-24,2020-11-24,
AZ30600001,2020-11-24,2020-11-24,
AZ30700001,2020-11-24,2020-11-24,
AZ30800001,2020-11-24,2020-11-24,
AZ30900002,2020-11-24,2020-11-24,
AZ40100001,2020-11-24,2020-11-24,
AZ40200001,2020-11-24,2020-11-24,
AZ40300001,2020-11-24,2020-11-24,
AZ40401002,2020-11-24,2020-11-24,
AZ40500001,2020-11-24,2020-11-24,
AZ40600001,2020-11-24,2020-11-24,
AZ40700001,2020-11-24,2020-11-24,
AZ40800001,2020-11-24,2020-11-24,
AZ40900001,2020-11-24,2020-11-24,
AZ41000001,2020-11-24,2020-11-24,
AZ50100001,2020-11-24,2020-11-24,
AZ50200001,2020-11-24,2020-11-24,
AZ50300001,2020-11-24,2020-11-24,
AZ50400001,2020-11-24,2020-11-24,
AZ50500001,2020-11-24,2020-11-24,
AZ50600001,2020-11-24,2020-11-24,
AZ50700001,2020-11-24,2020-11-24,
AZ50800001,2020-11-24,2020-11-24,
AZ50900001,2020-11-24,2020-11-24,
AZ51000002,2020-11-24,2020-11-24,
AZ60100001,2020-11-24,2020-11-24,
AZ60200001,2020-11-24,2020-11-24,
AZ60300001,2020-11-24,2020-11-24,
AZ60400001,2020-11-24,2020-11-24,
AZ60500001,2020-11-24,2020-11-24,
AZ60600001,2020-11-24,2020-11-24,
AZ60700001,2020-11-24,2020-11-24,
AZ60800001,2020-11-24,2020-11-24,
AZ60900001,2020-11-24,2020-11-24,
AZ61000001,2020-11-24,2020-11-24,
AZ61100001,2020-11-24,2020-11-24,
AZ70100001,2020-11-24,2020-11-24,
AZ70200001,2020-11-24,2020-11-24,
AZ70300001,2020-11-24,2020-11-24,
AZ70400002,2020-11-24,2020-11-24,
AZ80100001,2020-11-24,2020-11-24,
AZ80201002,2020-11-24,2020-11-24,
AZ80300001,2020-11-24,2020-11-24,
AZ80400001,2020-11-24,2020-11-24,
AZ80500001,2020-11-24,2020-11-24,
AZ80600001,2020-11-24,2020-11-24,
AZ80700001,2020-11-24,2020-11-24,
AZ80800001,2020-11-24,2020-11-24,
AZ80900001,2020-11-24,2020-11-24,
AZ90101002,2020-11-24,2020-11-24,
AZ90200002,2020-11-24,2020-11-24,
AZ90300001,2020-11-24,2020-11-24,
AZ90400001,2020-11-24,2020-11-24,
AZ90500001,2020-11-24,2020-11-24,
AZ90600001,2020-11-24,2020-11-24,
AZ90700001,2020-11-24,2020-11-24,
AZ90800001,2020-11-24,2020-11-24,
AZ90900001,2020-11-24,2020-11-24,
AZ91000001,2020-11-24,2020-11-24,
AZ91100002,2020-11-24,2020-11-24,
BI001,2005-06-14,2017-11-03,
BI002,2005-06-14,2017-11-03,
BI003,2005-06-14,2017-11-03,
BI004,2005-06-14,2017-11-03,
BI005,2005-06-14,2017-11-03,
BI006,2005-06-14,2017-11-03,
BI007,2005-06-14,2017-11-03,
BI008,2005-06-14,2017-11-03,
BI009,2005-06-14,2017-11-03,
BI010,2005-06-14,2017-11-03,
BI011,2005-06-14,2017-11-03,
BI012,2005-06-14,2017-11-03,
BI013,2005-06-14,2017-11-03,
BI014,2005-06-14,2017-11-03,
BI015,2005-06-14,2017-11-03,
BI016,2005-06-14,2017-11-03,
BI017,2005-06-14,2017-11-03,
BI018,2015-08-23,2017-11-03,
BJ01,2015-08-07,2019-08-16,
BJ02,2015-08-07,2019-08-16,
BJ03,2015-08-07,2019-08-16,
BJ04,2015-08-07,2019-08-16,
BJ05,2015-08-07,2019-08-16,
BJ06,2015-08-07,2019-08-16,
BJ07,2015-08-07,2019-08-16,
BJ08,2015-08-07,2019-08-16,
BJ09,2015-08-07,2019-08-16,
BJ10,2015-08-07,2019-08-16,
BJ11,2015-08-07,2019-08-16,
BJ12,2015-08-07,2019-08-16,
BF13,2020-03-18,2020-03-23,
BF46,2020-03-18,2020-03-23,
BF47,2020-03-18,2020-03-23,
BF48,2020-03-18,2020-03-23,
BF49,2020-03-18,2020-03-23,
BF50,2020-03-18,2020-03-23,
BF51,2020-03-18,2020-03-23,
BF52,2020-03-18,2020-03-23,
BF53,2020-03-18,2020-03-23,
BF54,2020-03-18,2020-03-23,
BF55,2020-03-18,2020-03-23,
BF56,2020-03-18,2020-03-23,
BF57,2020-03-18,2020-03-23,
BD10,2015-01-01,2020-11-13,
BD20,2015-01-01,2020-11-13,
BD30,2015-01-01,2020-11-13,
BD40,2015-01-01,2020-11-13,
BD45,2015-01-01,2020-11-13,
BD50,2015-01-01,2020-11-13,
BD55,2015-01-01,2020-11-13,
BD60,2015-01-01,2020-11-13,
BG001,2019-09-16,2019-09-16,
BG002,2019-09-16,2019-09-16,
BG003,2019-09-16,2019-09-16,
BG004,2019-09-16,2019-09-16,
BG005,2019-09-16,2019-09-16,
BG006,2019-09-16,2019-09-16,
BG007,2019-09-16,2019-09-16,
BG008,2019-09-16,2019-09-16,
BG009,2019-09-16,2019-09-16,
BG010,2019-09-16,2019-09-16,
BG011,2019-09-16,2019-09-16,
BG012,2019-09-16,2019-09-16,
BG013,2019-09-16,2019-09-16,
BG014,2019-09-16,2019-09-16,
BG015,2019-09-16,2019-09-16,
BG016,2019-09-16,2019-09-16,
BG017,2019-09-16,2019-09-16,
BG018,2019-09-16,2019-09-16,
BG019,2019-09-16,2019-09-16,
BG020,2019-09-16,2019-09-16,
BG021,2019-09-16,2019-09-16,
BG022,2019-09-16,2019-09-16,
BG023,2019-09-16,2019-09-16,
BG024,2019-09-16,2019-09-16,
BG025,2019-09-16,2019-09-16,
BG026,2019-09-16,2019-09-16,
BG027,2019-09-16,2019-09-16,
BG028,2019-09-16,2019-09-16,
BY001,2015-01-01,2017-07-07,
BY002,2015-01-01,2017-07-07,
BY003,2015-01-01,2017-07-07,
BY004,2015-01-01,2017-07-07,
BY005,2015-01-01,2017-07-07,
BY006,2015-01-01,2017-07-07,
BY007,2015-01-01,2017-07-07,
,,,
,,,
,,,
BM01,2017-09-21,2019-05-22,
BM02,2017-09-21,2019-05-22,
BM03,2017-09-21,2019-05-22,
BM04,2017-09-21,2019-05-22,
BM05,2017-09-21,2019-05-22,
BM06,2017-09-21,2019-05-22,
BM07,2017-09-21,2019-05-22,
BM08,2017-09-21,2019-05-22,
BM09,2017-09-21,2019-05-22,
,,,
BO01,2018-04-17,2020-05-14,
BO02,2018-04-17,2020-05-14,
BO03,2018-04-17,2020-05-14,
BO04,2018-04-17,2020-05-14,
BO05,2018-04-17,2020-05-14,
BO06,2018-04-17,2020-05-14,
BO07,2018-04-17,2020-05-14,
BO08,2018-04-17,2020-05-14,
BO09,2018-04-17,2020-05-14,
BR11,2020-09-30,2020-09-30,
BR12,2020-09-30,2020-09-30,
BR13,2020-09-30,2020-09-30,
BR14,2020-09-30,2020-09-30,
BR15,2020-09-30,2020-09-30,
BR16,2020-09-30,2020-09-30,
BR17,2020-09-30,2020-09-30,
BR21,2020-09-30,2020-09-30,
BR22,2020-09-30,2020-09-30,
BR23,2020-09-30,2020-09-30,
BR24,2020-09-30,2020-09-30,
BR25,2020-09-30,2020-09-30,
BR26,2020-09-30,2020-09-30,
BR27,2020-09-30,2020-09-30,
BR28,2020-09-30,2020-09-30,
BR29,2020-09-30,2020-09-30,
BR31,2020-09-30,2020-09-30,
BR32,2020-09-30,2020-09-30,
BR33,2020-09-30,2020-09-30,
BR35,2020-09-30,2020-09-30,
BR41,2020-09-30,2020-09-30,
BR42,2020-09-30,2020-09-30,
BR43,2020-09-30,2020-09-30,
BR50,2020-09-30,2020-09-30,
BR51,2020-09-30,2020-09-30,
BR52,2020-09-30,2020-09-30,
BR53,2020-09-30,2020-09-30,
BT001,2019-02-01,2020-10-26,
BT002,2019-02-01,2020-10-26,
BT003,2019-02-01,2020-10-26,
BT004,2019-02-01,2020-10-26,
BT005,2019-02-01,2020-10-26,
BT006,2019-02-01,2020-10-26,
BT007,2019-02-01,2020-10-26,
BT008,2019-02-01,2020-10-26,
BT009,2019-02-01,2020-10-26,
BT010,2019-02-01,2020-10-26,
BT011,2019-02-01,2020-10-26,
BT012,2019-02-01,2020-10-26,
BT013,2019-02-01,2020-10-26,
BT014,2019-02-01,2020-10-26,
BT015,2019-02-01,2020-10-26,
BT017,2019-02-01,2020-10-26,
BT018,2019-02-01,2020-10-26,
BT019,2019-02-01,2020-10-26,
BT016,2019-02-01,2020-10-26,
BT020,2019-02-01,2020-10-26,
CF11,2014-08-02,2015-06-15,
CF12,2014-08-02,2015-06-15,
CF21,2014-08-02,2015-06-15,
CF22,2014-08-02,2015-06-15,
CF23,2014-08-02,2015-06-15,
CF31,2014-08-02,2015-06-15,
CF32,2014-08-02,2015-06-15,
CF41,2014-08-02,2015-06-15,
CF42,2014-08-02,2015-06-15,
CF43,2014-08-02,2015-06-15,
CF51,2014-08-02,2015-06-15,
CF52,2014-08-02,2015-06-15,
CF53,2014-08-02,2015-06-15,
CF61,2014-08-02,2015-06-15,
CF62,2014-08-02,2015-06-15,
CF63,2014-08-02,2015-06-15,
CF71,2014-08-02,2015-06-15,
CL01,2020-05-18,2020-05-26,
CL02,2020-05-18,2020-05-26,
CL03,2020-05-18,2020-05-26,
CL04,2020-05-18,2020-05-26,
CL05,2020-05-18,2020-05-26,
CL06,2020-05-18,2020-05-26,
CL07,2020-05-18,2020-05-26,
CL08,2020-05-18,2020-05-26,
CL09,2020-05-18,2020-05-26,
CL10,2020-05-18,2020-05-26,
CL11,2020-05-18,2020-05-26,
CL12,2020-05-18,2020-05-26,
CL13,2020-05-18,2020-05-26,
CL14,2020-05-18,2020-05-26,
CL15,2020-05-18,2020-05-26,
CL16,2020-05-18,2020-05-26,
,,,
,,,
,,,
,,,
,,,
,,,
,,,
,,,
,,,
,,,
,,,
CN011,2020-09-10,2020-09-10,
CN012,2020-09-10,2020-09-10,
CN013,2020-09-10,2020-09-10,
CN014,2020-09-10,2020-09-10,
CN015,2020-09-10,2020-09-10,
CN021,2020-09-10,2020-09-10,
CN022,2020-09-10,2020-09-10,
CN023,2020-09-10,2020-09-10,
CN031,2020-09-10,2020-09-10,
CN032,2020-09-10,2020-09-10,
CN033,2020-09-10,2020-09-10,
CN034,2020-09-10,2020-09-10,
CN035,2020-09-10,2020-09-10,
CN036,2020-09-10,2020-09-10,
CN037,2020-09-10,2020-09-10,
CN041,2020-09-10,2020-09-10,
CN042,2020-09-10,2020-09-10,
CN043,2020-09-10,2020-09-10,
CN044,2020-09-10,2020-09-10,
CN045,2020-09-10,2020-09-10,
CN046,2020-09-10,2020-09-10,
CN050,2020-09-10,2020-09-10,
CN051,2020-09-10,2020-09-10,
CN052,2020-09-10,2020-09-10,
CN053,2020-09-10,2020-09-10,
CN054,2020-09-10,2020-09-10,
CN061,2020-09-10,2020-09-10,
CN062,2020-09-10,2020-09-10,
CN063,2020-09-10,2020-09-10,
CN064,2020-09-10,2020-09-10,
CN065,2020-09-10,2020-09-10,
CI01,2011-12-24,2018-07-06,
CI02,2011-12-24,2018-07-06,
CI03,2011-12-24,2018-07-06,
CI04,2011-12-24,2018-07-06,
CI05,2011-12-24,2018-07-06,
CI06,2011-12-24,2018-07-06,
CI07,2011-12-24,2018-07-06,
CI08,2011-12-24,2018-07-06,
CI09,2011-12-24,2018-07-06,
CI10,2011-12-24,2018-07-06,
CI11,2011-12-24,2018-07-06,
CI12,2011-12-24,2018-07-06,
CI13,2011-12-24,2018-07-06,
CI14,2011-12-24,2018-07-06,
CI15,2011-12-24,2018-07-06,
CI16,2011-12-24,2018-07-06,
CI17,2011-12-24,2018-07-06,
CI18,2011-12-24,2018-07-06,
CI19,2011-12-24,2018-07-06,
CI20,2011-12-24,2018-07-06,
CI21,2011-12-24,2018-07-06,
CI22,2011-12-24,2018-07-06,
CI23,2011-12-24,2018-07-06,
CI24,2011-12-24,2018-07-06,
CI25,2011-12-24,2018-07-06,
CI26,2011-12-24,2018-07-06,
CI27,2011-12-24,2018-07-06,
CI28,2011-12-24,2018-07-06,
CI29,2011-12-24,2018-07-06,
CI30,2011-12-24,2018-07-06,
CI31,2011-12-24,2018-07-06,
CI32,2011-12-24,2018-07-06,
CI33,2011-12-24,2018-07-06,
CM001,2018-12-17,2019-01-04,
CM002,2018-12-17,2019-01-04,
CM003,2018-12-17,2019-01-04,
CM004,2018-12-17,2019-01-04,
CM005,2018-12-17,2019-01-04,
CM006,2018-12-17,2019-01-04,
CM007,2018-12-17,2019-01-04,
CM008,2018-12-17,2019-01-04,
CM009,2018-12-17,2019-01-04,
CM010,2018-12-17,2019-01-04,
CD10,2019-09-09,2019-09-11,
CD20,2019-09-09,2019-09-11,
CD31,2019-09-09,2019-09-11,
CD32,2019-09-09,2019-09-11,
CD33,2019-09-09,2019-09-11,
CD41,2019-09-09,2019-09-11,
CD42,2019-09-09,2019-09-11,
CD43,2019-09-09,2019-09-11,
CD44,2019-09-09,2019-09-11,
CD45,2019-09-09,2019-09-11,
CD51,2019-09-09,2019-09-11,
CD52,2019-09-09,2019-09-11,
CD53,2019-09-09,2019-09-11,
CD54,2019-09-09,2019-09-11,
CD61,2019-09-09,2019-09-11,
CD62,2019-09-09,2019-09-11,
CD63,2019-09-09,2019-09-11,
CD71,2019-09-09,2019-09-11,
CD72,2019-09-09,2019-09-11,
CD73,2019-09-09,2019-09-11,
CD74,2019-09-09,2019-09-11,
CD81,2019-09-09,2019-09-11,
CD82,2019-09-09,2019-09-11,
CD83,2019-09-09,2019-09-11,
CD91,2019-09-09,2019-09-11,
CD92,2019-09-09,2019-09-11,
CG01,2017-07-06,2019-06-17,
CG02,2017-07-06,2019-06-17,
CG03,2017-07-06,2019-06-17,
CG04,2017-07-06,2019-06-17,
CG05,2017-07-06,2019-06-17,
CG06,2017-07-06,2019-06-17,
CG07,2017-07-06,2019-06-17,
CG08,2017-07-06,2019-06-17,
CG09,2017-07-06,2019-06-17,
CG10,2017-07-06,2019-06-17,
CG11,2017-07-06,2019-06-17,
CG12,2017-07-06,2019-06-17,
CO05,2018-01-01,2020-04-16,
CO08,2018-01-01,2020-04-16,
CO11,2018-01-01,2020-04-16,
CO13,2018-01-01,2020-04-16,
CO15,2018-01-01,2020-04-16,
CO17,2018-01-01,2020-04-16,
CO18,2018-01-01,2020-04-16,
CO19,2018-01-01,2020-04-16,
CO20,2018-01-01,2020-04-16,
CO23,2018-01-01,2020-04-16,
CO25,2018-01-01,2020-04-16,
CO27,2018-01-01,2020-04-16,
CO41,2018-01-01,2020-04-16,
CO44,2018-01-01,2020-04-16,
CO47,2018-01-01,2020-04-16,
CO50,2018-01-01,2020-04-16,
CO52,2018-01-01,2020-04-16,
CO54,2018-01-01,2020-04-16,
CO63,2018-01-01,2020-04-16,
CO66,2018-01-01,2020-04-16,
CO68,2018-01-01,2020-04-16,
CO70,2018-01-01,2020-04-16,
CO73,2018-01-01,2020-04-16,
CO76,2018-01-01,2020-04-16,
CO81,2018-01-01,2020-04-16,
CO85,2018-01-01,2020-04-16,
CO86,2018-01-01,2020-04-16,
CO88,2018-01-01,2020-04-16,
CO91,2018-01-01,2020-04-16,
CO94,2018-01-01,2020-04-16,
CO95,2018-01-01,2020-04-16,
CO97,2018-01-01,2020-04-16,
CO99,2018-01-01,2020-04-16,
KM1,2018-12-28,2019-12-05,
KM2,2018-12-28,2019-12-05,
KM3,2018-12-28,2019-12-05,
CV01,2017-12-27,2018-05-14,
CV02,2017-12-27,2018-05-14,
CV03,2017-12-27,2018-05-14,
CV04,2017-12-27,2018-05-14,
CV05,2017-12-27,2018-05-14,
CV06,2017-12-27,2018-05-14,
CV07,2017-12-27,2018-05-14,
CV08,2017-12-27,2018-05-14,
CV09,2017-12-27,2018-05-14,
CV10,2017-12-27,2018-05-14,
CV11,2017-12-27,2018-05-14,
CV12,2017-12-27,2018-05-14,
CV13,2017-12-27,2018-05-14,
CV14,2017-12-27,2018-05-14,
CV15,2017-12-27,2018-05-14,
CV16,2017-12-27,2018-05-14,
CV17,2017-12-27,2018-05-14,
CV18,2017-12-27,2018-05-14,
CV19,2017-12-27,2018-05-14,
CV20,2017-12-27,2018-05-14,
CV21,2017-12-27,2018-05-14,
CV22,2017-12-27,2018-05-14,
CR01,2020-08-05,2020-08-06,
CR02,2020-08-05,2020-08-06,
CR03,2020-08-05,2020-08-06,
CR04,2020-08-05,2020-08-06,
CR05,2020-08-05,2020-08-06,
CR06,2020-08-05,2020-08-06,
CR07,2020-08-05,2020-08-06,
,,,
,,,
,,,
,,,
,,,
,,,
,,,
,,,
,,,
,,,
,,,
,,,
,,,
,,,
,,,
,,,
,,,
,,,
,,,
,,,
DJ01,2018-10-26,2020-02-20,
DJ02,2018-10-26,2020-02-20,
DJ03,2018-10-26,2020-02-20,
DJ04,2018-10-26,2020-02-20,
DJ05,2018-10-26,2020-02-20,
DM01,2017-09-07,2019-11-10,
DM02,2017-09-07,2019-11-10,
DM03,2017-09-07,2019-11-10,
DM04,2017-09-07,2019-11-10,
DM05,2017-09-07,2019-11-10,
DM06,2017-09-07,2019-11-10,
DM07,2017-09-07,2019-11-10,
DM08,2017-09-07,2019-11-10,
DM09,2017-09-07,2019-11-10,
DM10,2017-09-07,2019-11-10,
DO01,2017-09-06,2020-01-21,
DO02,2017-09-06,2020-01-21,
DO03,2017-09-06,2020-01-21,
DO04,2017-09-06,2020-01-21,
DO05,2017-09-06,2020-01-21,
DO06,2017-09-06,2020-01-21,
DO07,2017-09-06,2020-01-21,
DO08,2017-09-06,2020-01-21,
DO09,2017-09-06,2020-01-21,
DO10,2017-09-06,2020-01-21,
DZ001,2014-12-19,2020-04-28,
DZ002,2014-12-19,2020-04-28,
DZ003,2014-12-19,2020-04-28,
DZ004,2014-12-19,2020-04-28,
DZ005,2014-12-19,2020-04-28,
DZ006,2014-12-19,2020-04-28,
DZ007,2014-12-19,2020-04-28,
DZ008,2014-12-19,2020-04-28,
DZ009,2014-12-19,2020-04-28,
DZ010,2014-12-19,2020-04-28,
DZ011,2014-12-19,2020-04-28,
DZ012,2014-12-19,2020-04-28,
DZ013,2014-12-19,2020-04-28,
DZ014,2014-12-19,2020-04-28,
DZ015,2014-12-19,2020-04-28,
DZ016,2014-12-19,2020-04-28,
DZ017,2014-12-19,2020-04-28,
DZ018,2014-12-19,2020-04-28,
DZ019,2014-12-19,2020-04-28,
DZ020,2014-12-19,2020-04-28,
DZ021,2014-12-19,2020-04-28,
DZ022,2014-12-19,2020-04-28,
DZ023,2014-12-19,2020-04-28,
DZ024,2014-12-19,2020-04-28,
DZ025,2014-12-19,2020-04-28,
DZ026,2014-12-19,2020-04-28,
DZ027,2014-12-19,2020-04-28,
DZ028,2014-12-19,2020-04-28,
DZ029,2014-12-19,2020-04-28,
DZ030,2014-12-19,2020-04-28,
DZ031,2014-12-19,2020-04-28,
DZ032,2014-12-19,2020-04-28,
DZ033,2014-12-19,2020-04-28,
DZ034,2014-12-19,2020-04-28,
DZ035,2014-12-19,2020-04-28,
DZ036,2014-12-19,2020-04-28,
DZ037,2014-12-19,2020-04-28,
DZ038,2014-12-19,2020-04-28,
DZ039,2014-12-19,2020-04-28,
DZ040,2014-12-19,2020-04-28,
DZ041,2014-12-19,2020-04-28,
DZ042,2014-12-19,2020-04-28,
DZ043,2014-12-19,2020-04-28,
DZ044,2014-12-19,2020-04-28,
DZ045,2014-12-19,2020-04-28,
DZ046,2014-12-19,2020-04-28,
DZ047,2014-12-19,2020-04-28,
DZ048,2014-12-19,2020-04-28,
EC01,2018-12-17,2019-07-24,
EC02,2018-12-17,2019-07-24,
EC03,2018-12-17,2019-07-24,
EC04,2018-12-17,2019-07-24,
EC05,2018-12-17,2019-07-24,
EC06,2018-12-17,2019-07-24,
EC07,2018-12-17,2019-07-24,
EC08,2018-12-17,2019-07-24,
EC09,2018-12-17,2019-07-24,
EC10,2018-12-17,2019-07-24,
EC11,2018-12-17,2019-07-24,
EC12,2018-12-17,2019-07-24,
EC13,2018-12-17,2019-07-24,
EC14,2018-12-17,2019-07-24,
EC15,2018-12-17,2019-07-24,
EC16,2018-12-17,2019-07-24,
EC17,2018-12-17,2019-07-24,
EC18,2018-12-17,2019-07-24,
EC19,2018-12-17,2019-07-24,
EC20,2018-12-17,2019-07-24,
EC21,2018-12-17,2019-07-24,
EC22,2018-12-17,2019-07-24,
EC23,2018-12-17,2019-07-24,
EC24,2018-12-17,2019-07-24,
EC90,2018-12-17,2019-07-24,
EG01,2006-01-01,2017-04-21,
EG02,2006-01-01,2017-04-21,
EG03,2006-01-01,2017-04-21,
EG04,2006-01-01,2017-04-21,
EG11,2006-01-01,2017-04-21,
EG12,2006-01-01,2017-04-21,
EG13,2006-01-01,2017-04-21,
EG14,2006-01-01,2017-04-21,
EG15,2006-01-01,2017-04-21,
EG16,2006-01-01,2017-04-21,
EG17,2006-01-01,2017-04-21,
EG18,2006-01-01,2017-04-21,
EG19,2006-01-01,2017-04-21,
EG21,2006-01-01,2017-04-21,
EG22,2006-01-01,2017-04-21,
EG23,2006-01-01,2017-04-21,
EG24,2006-01-01,2017-04-21,
EG25,2006-01-01,2017-04-21,
EG26,2006-01-01,2017-04-21,
EG27,2006-01-01,2017-04-21,
EG28,2006-01-01,2017-04-21,
EG29,2006-01-01,2017-04-21,
EG31,2006-01-01,2017-04-21,
EG32,2006-01-01,2017-04-21,
EG33,2006-01-01,2017-04-21,
EG34,2006-01-01,2017-04-21,
EG35,2006-01-01,2017-04-21,
ER1,2017-08-18,2020-04-27,
ER2,2017-08-18,2020-04-27,
ER3,2017-08-18,2020-04-27,
ER4,2017-08-18,2020-04-27,
ER5,2017-08-18,2020-04-27,
ER6,2017-08-18,2020-04-27,
ET14,2019-08-19,2020-10-08,
ET02,2019-08-19,2020-10-08,
ET03,2019-08-19,2020-10-08,
ET06,2019-08-19,2020-10-08,
ET15,2019-08-19,2020-10-08,
ET12,2019-08-19,2020-10-08,
ET13,2019-08-19,2020-10-08,
ET04,2019-08-19,2020-10-08,
ET16,2019-08-19,2020-10-08,
ET07,2019-08-19,2020-10-08,
ET05,2019-08-19,2020-10-08,
ET01,2019-08-19,2020-10-08,
,,,
,,,
,,,
,,,
,,,
,,,
,,,
,,,
,,,
,,,
,,,
,,,
,,,
,,,
,,,
FJ1,2018-01-15,2019-12-30,
FJ2,2018-01-15,2019-12-30,
FJ3,2018-01-15,2019-12-30,
FJ4,2018-01-15,2019-12-30,
FM1,2019-06-17,2019-06-17,
FM2,2019-06-17,2019-06-17,
FM3,2019-06-17,2019-06-17,
FM4,2019-06-17,2019-06-17,
GA001,2015-02-17,2018-08-15,
GA002,2015-02-17,2018-08-15,
GA003,2015-02-17,2018-08-15,
GA004,2015-02-17,2018-08-15,
GA005,2015-02-17,2018-08-15,
GA006,2015-02-17,2018-08-15,
GA007,2015-02-17,2018-08-15,
GA008,2015-02-17,2018-08-15,
GA009,2015-02-17,2018-08-15,
GE11,2019-08-28,2019-10-18,
GE12,2019-08-28,2019-10-18,
GE15,2019-08-28,2019-10-18,
GE23,2019-08-28,2019-10-18,
GE26,2019-08-28,2019-10-18,
GE29,2019-08-28,2019-10-18,
GE32,2019-08-28,2019-10-18,
GE35,2019-08-28,2019-10-18,
GE38,2019-08-28,2019-10-18,
GE41,2019-08-28,2019-10-18,
GE44,2019-08-28,2019-10-18,
GE47,2019-08-28,2019-10-18,
GE48,2019-08-28,2019-10-18,
GH01,2018-10-26,2021-02-10,
GH02,2018-10-26,2021-02-10,
GH03,2018-10-26,2021-02-10,
GH04,2018-10-26,2021-02-10,
GH05,2018-10-26,2021-02-10,
GH06,2018-10-26,2021-02-10,
GH07,2018-10-26,2021-02-10,
GH08,2018-10-26,2021-02-10,
GH09,2018-10-26,2021-02-10,
GH10,2018-10-26,2021-02-10,
GH11,2018-10-26,2021-02-10,
GH12,2018-10-26,2021-02-10,
GH13,2018-10-26,2021-02-10,
GH14,2018-10-26,2021-02-10,
GH15,2018-10-26,2021-02-10,
GH16,2018-10-26,2021-02-10,
,,,
,,,
,,,
,,,
,,,
,,,
,,,
,,,
,,,
,,,
,,,
,,,
,,,
,,,
,,,
,,,
,,,
,,,
,,,
,,,
,,,
,,,
,,,
,,,
,,,
,,,
,,,
,,,
,,,
,,,
,,,
,,,
,,,
,,,
,,,
,,,
,,,
,,,
,,,
,,,
,,,
,,,
,,,
,,,
,,,
,,,
,,,
,,,
,,,
,,,
,,,
,,,
,,,
,,,
,,,
,,,
,,,
,,,
,,,
,,,
,,,
,,,
,,,
,,,
,,,
,,,
,,,
,,,
,,,
,,,
,,,
,,,
,,,
,,,
,,,
,,,
,,,
,,,
,,,
,,,
,,,
,,,
,,,
,,,
,,,
,,,
,,,
,,,
,,,
,,,
,,,
,,,
,,,
,,,
,,,
,,,
,,,
,,,
,,,
,,,
,,,
,,,
,,,
,,,
,,,
,,,
,,,
,,,
,,,
,,,
,,,
,,,
,,,
,,,
,,,
,,,
,,,
,,,
,,,
,,,
,,,
,,,
,,,
GN001,2016-01-14,2016-03-04,
GN002,2016-01-14,2016-03-04,
GN003,2016-01-14,2016-03-04,
GN004,2016-01-14,2016-03-04,
GN005,2016-01-14,2016-03-04,
GN006,2016-01-14,2016-03-04,
GN007,2016-01-14,2016-03-04,
GN008,2016-01-14,2016-03-04,
GT01,2018-09-25,2019-02-07,
GT02,2018-09-25,2019-02-07,
GT03,2018-09-25,2019-02-07,
GT04,2018-09-25,2019-02-07,
GT05,2018-09-25,2019-02-07,
GT06,2018-09-25,2019-02-07,
GT07,2018-09-25,2019-02-07,
GT08,2018-09-25,2019-02-07,
GT09,2018-09-25,2019-02-07,
GT10,2018-09-25,2019-02-07,
GT11,2018-09-25,2019-02-07,
GT12,2018-09-25,2019-02-07,
GT13,2018-09-25,2019-02-07,
GT14,2018-09-25,2019-02-07,
GT15,2018-09-25,2019-02-07,
GT16,2018-09-25,2019-02-07,
GT17,2018-09-25,2019-02-07,
GT18,2018-09-25,2019-02-07,
GT19,2018-09-25,2019-02-07,
GT20,2018-09-25,2019-02-07,
GT21,2018-09-25,2019-02-07,
GT22,2018-09-25,2019-02-07,
GF1,2020-02-12,2020-02-12,
GF2,2020-02-12,2020-02-12,
,,,
,,,
,,,
,,,
,,,
,,,
,,,
,,,
,,,
,,,
,,,
,,,
,,,
,,,
,,,
,,,
,,,
,,,
,,,
,,,
,,,
,,,
,,,
,,,
,,,
,,,
,,,
,,,
,,,
,,,
,,,
,,,
,,,
,,,
,,,
,,,
,,,
,,,
,,,
,,,
,,,
,,,
,,,
,,,
,,,
,,,
,,,
,,,
,,,
,,,
,,,
,,,
,,,
,,,
,,,
,,,
,,,
,,,
,,,
,,,
,,,
,,,
,,,
,,,
,,,
HN11,2015-06-25,2016-10-05,
HN02,2015-06-25,2016-10-05,
HN01,2015-06-25,2016-10-05,
HN05,2015-06-25,2016-10-05,
HN18,2015-06-25,2016-10-05,
HN15,2015-06-25,2016-10-05,
HN16,2015-06-25,2016-10-05,
HN04,2015-06-25,2016-10-05,
HN13,2015-06-25,2016-10-05,
HN03,2015-06-25,2016-10-05,
HN10,2015-06-25,2016-10-05,
HN08,2015-06-25,2016-10-05,
HN14,2015-06-25,2016-10-05,
HN12,2015-06-25,2016-10-05,
HN07,2015-06-25,2016-10-05,
HN17,2015-06-25,2016-10-05,
HN06,2015-06-25,2016-10-05,
HN09,2015-06-25,2016-10-05,
,,,
,,,
,,,
,,,
,,,
,,,
,,,
,,,
,,,
HT01,2017-09-06,2018-11-29,
HT02,2017-09-06,2018-11-29,
HT03,2017-09-06,2018-11-29,
HT04,2017-09-06,2018-11-29,
HT05,2017-09-06,2018-11-29,
HT06,2017-09-06,2018-11-29,
HT07,2017-09-06,2018-11-29,
HT08,2017-09-06,2018-11-29,
HT09,2017-09-06,2018-11-29,
HT10,2017-09-06,2018-11-29,
ID11,2019-12-20,2020-04-01,
ID12,2019-12-20,2020-04-01,
ID13,2019-12-20,2020-04-01,
ID14,2019-12-20,2020-04-01,
ID15,2019-12-20,2020-04-01,
ID16,2019-12-20,2020-04-01,
ID17,2019-12-20,2020-04-01,
ID18,2019-12-20,2020-04-01,
ID19,2019-12-20,2020-04-01,
ID21,2019-12-20,2020-04-01,
ID31,2019-12-20,2020-04-01,
ID32,2019-12-20,2020-04-01,
ID33,2019-12-20,2020-04-01,
ID34,2019-12-20,2020-04-01,
ID35,2019-12-20,2020-04-01,
ID36,2019-12-20,2020-04-01,
ID51,2019-12-20,2020-04-01,
ID52,2019-12-20,2020-04-01,
ID53,2019-12-20,2020-04-01,
ID61,2019-12-20,2020-04-01,
ID62,2019-12-20,2020-04-01,
ID63,2019-12-20,2020-04-01,
ID64,2019-12-20,2020-04-01,
ID65,2019-12-20,2020-04-01,
ID71,2019-12-20,2020-04-01,
ID72,2019-12-20,2020-04-01,
ID73,2019-12-20,2020-04-01,
ID74,2019-12-20,2020-04-01,
ID75,2019-12-20,2020-04-01,
ID76,2019-12-20,2020-04-01,
ID81,2019-12-20,2020-04-01,
ID82,2019-12-20,2020-04-01,
ID91,2019-12-20,2020-04-01,
ID94,2019-12-20,2020-04-01,
IR001,2019-04-09,2019-05-14,
IR002,2019-04-09,2019-05-14,
IR003,2019-04-09,2019-05-14,
IR004,2019-04-09,2019-05-14,
IR005,2019-04-09,2019-05-14,
IR006,2019-04-09,2019-05-14,
IR007,2019-04-09,2019-05-14,
IR008,2019-04-09,2019-05-14,
IR009,2019-04-09,2019-05-14,
IR010,2019-04-09,2019-05-14,
IR011,2019-04-09,2019-05-14,
IR012,2019-04-09,2019-05-14,
IR013,2019-04-09,2019-05-14,
IR014,2019-04-09,2019-05-14,
IR015,2019-04-09,2019-05-14,
IR016,2019-04-09,2019-05-14,
IR017,2019-04-09,2019-05-14,
IR018,2019-04-09,2019-05-14,
IR019,2019-04-09,2019-05-14,
IR020,2019-04-09,2019-05-14,
IR021,2019-04-09,2019-05-14,
IR022,2019-04-09,2019-05-14,
IR023,2019-04-09,2019-05-14,
IR024,2019-04-09,2019-05-14,
IR025,2019-04-09,2019-05-14,
IR026,2019-04-09,2019-05-14,
IR027,2019-04-09,2019-05-14,
IR028,2019-04-09,2019-05-14,
IR029,2019-04-09,2019-05-14,
IR030,2019-04-09,2019-05-14,
IR031,2019-04-09,2019-05-14,
IQG01,2019-05-30,2019-06-03,
IQG02,2019-05-30,2019-06-03,
IQG03,2019-05-30,2019-06-03,
IQG04,2019-05-30,2019-06-03,
IQG05,2019-05-30,2019-06-03,
IQG06,2019-05-30,2019-06-03,
IQG07,2019-05-30,2019-06-03,
IQG08,2019-05-30,2019-06-03,
IQG09,2019-05-30,2019-06-03,
IQG10,2019-05-30,2019-06-03,
IQG11,2019-05-30,2019-06-03,
IQG12,2019-05-30,2019-06-03,
IQG13,2019-05-30,2019-06-03,
IQG14,2019-05-30,2019-06-03,
IQG15,2019-05-30,2019-06-03,
IQG16,2019-05-30,2019-06-03,
IQG17,2019-05-30,2019-06-03,
IQG18,2019-05-30,2019-06-03,
KZ11,2019-09-10,2019-09-10,
KZ15,2019-09-10,2019-09-10,
KZ19,2019-09-10,2019-09-10,
KZ23,2019-09-10,2019-09-10,
KZ27,2019-09-10,2019-09-10,
KZ31,2019-09-10,2019-09-10,
KZ35,2019-09-10,2019-09-10,
KZ39,2019-09-10,2019-09-10,
KZ43,2019-09-10,2019-09-10,
KZ47,2019-09-10,2019-09-10,
KZ55,2019-09-10,2019-09-10,
KZ59,2019-09-10,2019-09-10,
KZ61,2019-09-10,2019-09-10,
KZ63,2019-09-10,2019-09-10,
KZ71,2019-09-10,2019-09-10,
KZ75,2019-09-10,2019-09-10,
KZ79,2019-09-10,2019-09-10,
KE001,2017-11-03,2019-10-31,
KE002,2017-11-03,2019-10-31,
KE003,2017-11-03,2019-10-31,
KE004,2017-11-03,2019-10-31,
KE005,2017-11-03,2019-10-31,
KE006,2017-11-03,2019-10-31,
KE007,2017-11-03,2019-10-31,
KE008,2017-11-03,2019-10-31,
KE009,2017-11-03,2019-10-31,
KE010,2017-11-03,2019-10-31,
KE011,2017-11-03,2019-10-31,
KE012,2017-11-03,2019-10-31,
KE013,2017-11-03,2019-10-31,
KE014,2017-11-03,2019-10-31,
KE015,2017-11-03,2019-10-31,
KE016,2017-11-03,2019-10-31,
KE017,2017-11-03,2019-10-31,
KE018,2017-11-03,2019-10-31,
KE019,2017-11-03,2019-10-31,
KE020,2017-11-03,2019-10-31,
KE021,2017-11-03,2019-10-31,
KE022,2017-11-03,2019-10-31,
KE023,2017-11-03,2019-10-31,
KE024,2017-11-03,2019-10-31,
KE025,2017-11-03,2019-10-31,
KE026,2017-11-03,2019-10-31,
KE027,2017-11-03,2019-10-31,
KE028,2017-11-03,2019-10-31,
KE029,2017-11-03,2019-10-31,
KE030,2017-11-03,2019-10-31,
KE031,2017-11-03,2019-10-31,
KE032,2017-11-03,2019-10-31,
KE033,2017-11-03,2019-10-31,
KE034,2017-11-03,2019-10-31,
KE035,2017-11-03,2019-10-31,
KE036,2017-11-03,2019-10-31,
KE037,2017-11-03,2019-10-31,
KE038,2017-11-03,2019-10-31,
KE039,2017-11-03,2019-10-31,
KE040,2017-11-03,2019-10-31,
KE041,2017-11-03,2019-10-31,
KE042,2017-11-03,2019-10-31,
KE043,2017-11-03,2019-10-31,
KE044,2017-11-03,2019-10-31,
KE045,2017-11-03,2019-10-31,
KE046,2017-11-03,2019-10-31,
KE047,2017-11-03,2019-10-31,
KG02000000000,2018-08-28,2018-11-19,
KG03000000000,2018-08-28,2018-11-19,
KG04000000000,2018-08-28,2018-11-19,
KG05000000000,2018-08-28,2018-11-19,
KG06000000000,2018-08-28,2018-11-19,
KG07000000000,2018-08-28,2018-11-19,
KG08000000000,2018-08-28,2018-11-19,
KG11000000000,2018-08-28,2018-11-19,
KG21000000000,2018-08-28,2018-11-19,
KH01,2014-10-14,2018-10-04,
KH02,2014-10-14,2018-10-04,
KH03,2014-10-14,2018-10-04,
KH04,2014-10-14,2018-10-04,
KH05,2014-10-14,2018-10-04,
KH06,2014-10-14,2018-10-04,
KH07,2014-10-14,2018-10-04,
KH08,2014-10-14,2018-10-04,
KH09,2014-10-14,2018-10-04,
KH10,2014-10-14,2018-10-04,
KH11,2014-10-14,2018-10-04,
KH12,2014-10-14,2018-10-04,
KH13,2014-10-14,2018-10-04,
KH14,2014-10-14,2018-10-04,
KH15,2014-10-14,2018-10-04,
KH16,2014-10-14,2018-10-04,
KH17,2014-10-14,2018-10-04,
KH18,2014-10-14,2018-10-04,
KH19,2014-10-14,2018-10-04,
KH20,2014-10-14,2018-10-04,
KH21,2014-10-14,2018-10-04,
KH22,2014-10-14,2018-10-04,
KH23,2014-10-14,2018-10-04,
KH24,2014-10-14,2018-10-04,
KH25,2014-10-14,2018-10-04,
KI1,2020-01-13,2020-01-13,
KI2,2020-01-13,2020-01-13,
KI3,2020-01-13,2020-01-13,
LA01,2016-03-26,2019-11-12,
LA02,2016-03-26,2019-11-12,
LA03,2016-03-26,2019-11-12,
LA04,2016-03-26,2019-11-12,
LA05,2016-03-26,2019-11-12,
LA06,2016-03-26,2019-11-12,
LA07,2016-03-26,2019-11-12,
LA08,2016-03-26,2019-11-12,
LA09,2016-03-26,2019-11-12,
LA10,2016-03-26,2019-11-12,
LA11,2016-03-26,2019-11-12,
LA12,2016-03-26,2019-11-12,
LA13,2016-03-26,2019-11-12,
LA14,2016-03-26,2019-11-12,
LA15,2016-03-26,2019-11-12,
LA16,2016-03-26,2019-11-12,
LA17,2016-03-26,2019-11-12,
LA18,2016-03-26,2019-11-12,
LB5,2015-11-06,2016-08-22,
LB8,2015-11-06,2016-08-22,
LB3,2015-11-06,2016-08-22,
LB6,2015-11-06,2016-08-22,
LB4,2015-11-06,2016-08-22,
LB7,2015-11-06,2016-08-22,
LB2,2015-11-06,2016-08-22,
LB1,2015-11-06,2016-08-22,
,,,
,,,
,,,
,,,
,,,
,,,
,,,
,,,
,,,
,,,
,,,
,,,
,,,
,,,
,,,
,,,
,,,
,,,
,,,
LR01,2017-12-27,2019-11-04,
LR02,2017-12-27,2019-11-04,
LR03,2017-12-27,2019-11-04,
LR04,2017-12-27,2019-11-04,
LR05,2017-12-27,2019-11-04,
LR06,2017-12-27,2019-11-04,
LR07,2017-12-27,2019-11-04,
LR08,2017-12-27,2019-11-04,
LR09,2017-12-27,2019-11-04,
LR10,2017-12-27,2019-11-04,
LR11,2017-12-27,2019-11-04,
LR12,2017-12-27,2019-11-04,
LR13,2017-12-27,2019-11-04,
LR14,2017-12-27,2019-11-04,
LR15,2017-12-27,2019-11-04,
LY01,2016-11-30,2018-05-07,
LY02,2016-11-30,2018-05-07,
LY03,2016-11-30,2018-05-07,
LC04,2019-05-01,2019-05-08,
LC05,2019-05-01,2019-05-08,
LC06,2019-05-01,2019-05-08,
LC07,2019-05-01,2019-05-08,
LC08,2019-05-01,2019-05-08,
LC09,2019-05-01,2019-05-08,
LC10,2019-05-01,2019-05-08,
LC11,2019-05-01,2019-05-08,
LC12,2019-05-01,2019-05-08,
LC13,2019-05-01,2019-05-08,
LK1,2019-03-04,2020-03-05,
LK2,2019-03-04,2020-03-05,
LK3,2019-03-04,2020-03-05,
LK4,2019-03-04,2020-03-05,
LK5,2019-03-04,2020-03-05,
LK6,2019-03-04,2020-03-05,
LK7,2019-03-04,2020-03-05,
LK8,2019-03-04,2020-03-05,
LK9,2019-03-04,2020-03-05,
LSA,2019-01-08,2020-02-20,
LSB,2019-01-08,2020-02-20,
LSC,2019-01-08,2020-02-20,
LSD,2019-01-08,2020-02-20,
LSE,2019-01-08,2020-02-20,
LSF,2019-01-08,2020-02-20,
LSG,2019-01-08,2020-02-20,
LSH,2019-01-08,2020-02-20,
LSJ,2019-01-08,2020-02-20,
LSK,2019-01-08,2020-02-20,
MA001,2020-04-30,2020-12-03,
MA002,2020-04-30,2020-12-03,
MA003,2020-04-30,2020-12-03,
MA004,2020-04-30,2020-12-03,
MA005,2020-04-30,2020-12-03,
MA006,2020-04-30,2020-12-03,
MA007,2020-04-30,2020-12-03,
MA008,2020-04-30,2020-12-03,
MA009,2020-04-30,2020-12-03,
MA010,2020-04-30,2020-12-03,
,,,
,,,
,,,
,,,
,,,
,,,
,,,
,,,
,,,
,,,
,,,
,,,
,,,
,,,
,,,
,,,
,,,
MD001,2016-10-10,2017-07-13,
MD002,2016-10-10,2017-07-13,
MD003,2016-10-10,2017-07-13,
MD004,2016-10-10,2017-07-13,
MD005,2016-10-10,2017-07-13,
MD006,2016-10-10,2017-07-13,
MD007,2016-10-10,2017-07-13,
MD008,2016-10-10,2017-07-13,
MD009,2016-10-10,2017-07-13,
MD010,2016-10-10,2017-07-13,
MD011,2016-10-10,2017-07-13,
MD012,2016-10-10,2017-07-13,
MD013,2016-10-10,2017-07-13,
MD014,2016-10-10,2017-07-13,
MD015,2016-10-10,2017-07-13,
MD016,2016-10-10,2017-07-13,
MD017,2016-10-10,2017-07-13,
MD018,2016-10-10,2017-07-13,
MD019,2016-10-10,2017-07-13,
MD020,2016-10-10,2017-07-13,
MD021,2016-10-10,2017-07-13,
MD022,2016-10-10,2017-07-13,
MD023,2016-10-10,2017-07-13,
MD024,2016-10-10,2017-07-13,
MD025,2016-10-10,2017-07-13,
MD026,2016-10-10,2017-07-13,
MD027,2016-10-10,2017-07-13,
MD028,2016-10-10,2017-07-13,
MD029,2016-10-10,2017-07-13,
MD030,2016-10-10,2017-07-13,
MD031,2016-10-10,2017-07-13,
MD032,2016-10-10,2017-07-13,
MD033,2016-10-10,2017-07-13,
MD034,2016-10-10,2017-07-13,
MD035,2016-10-10,2017-07-13,
MD036,2016-10-10,2017-07-13,
MD037,2016-10-10,2017-07-13,
MG11,2010-12-31,2020-02-20,
MG12,2010-12-31,2020-02-20,
MG13,2010-12-31,2020-02-20,
MG14,2010-12-31,2020-02-20,
MG21,2010-12-31,2020-02-20,
MG22,2010-12-31,2020-02-20,
MG23,2010-12-31,2020-02-20,
MG24,2010-12-31,2020-02-20,
MG25,2010-12-31,2020-02-20,
MG31,2010-12-31,2020-02-20,
MG32,2010-12-31,2020-02-20,
MG33,2010-12-31,2020-02-20,
MG41,2010-12-31,2020-02-20,
MG42,2010-12-31,2020-02-20,
MG43,2010-12-31,2020-02-20,
MG44,2010-12-31,2020-02-20,
MG51,2010-12-31,2020-02-20,
MG52,2010-12-31,2020-02-20,
MG53,2010-12-31,2020-02-20,
MG54,2010-12-31,2020-02-20,
MG71,2010-12-31,2020-02-20,
MG72,2010-12-31,2020-02-20,
,,,
,,,
,,,
,,,
,,,
,,,
,,,
,,,
,,,
,,,
,,,
,,,
MX01,2018-02-02,2020-06-18,
MX02,2018-02-02,2020-06-18,
MX03,2018-02-02,2020-06-18,
MX04,2018-02-02,2020-06-18,
MX07,2018-02-02,2020-06-18,
MX08,2018-02-02,2020-06-18,
MX05,2018-02-02,2020-06-18,
MX06,2018-02-02,2020-06-18,
MX09,2018-02-02,2020-06-18,
MX10,2018-02-02,2020-06-18,
MX11,2018-02-02,2020-06-18,
MX12,2018-02-02,2020-06-18,
MX13,2018-02-02,2020-06-18,
MX14,2018-02-02,2020-06-18,
MX15,2018-02-02,2020-06-18,
MX16,2018-02-02,2020-06-18,
MX17,2018-02-02,2020-06-18,
MX18,2018-02-02,2020-06-18,
MX19,2018-02-02,2020-06-18,
MX20,2018-02-02,2020-06-18,
MX21,2018-02-02,2020-06-18,
MX22,2018-02-02,2020-06-18,
MX23,2018-02-02,2020-06-18,
MX24,2018-02-02,2020-06-18,
MX25,2018-02-02,2020-06-18,
MX26,2018-02-02,2020-06-18,
MX27,2018-02-02,2020-06-18,
MX28,2018-02-02,2020-06-18,
MX29,2018-02-02,2020-06-18,
MX30,2018-02-02,2020-06-18,
MX31,2018-02-02,2020-06-18,
MX32,2018-02-02,2020-06-18,
MK0,2016-05-12,2016-07-08,
,,,
,,,
,,,
,,,
,,,
,,,
,,,
,,,
,,,
ML01,2013-05-31,2019-08-02,
ML02,2013-05-31,2019-08-02,
ML03,2013-05-31,2019-08-02,
ML04,2013-05-31,2019-08-02,
ML05,2013-05-31,2019-08-02,
ML06,2013-05-31,2019-08-02,
ML07,2013-05-31,2019-08-02,
ML08,2013-05-31,2019-08-02,
ML09,2013-05-31,2019-08-02,
MN45,2016-12-01,2020-10-19,
MN44,2016-12-01,2020-10-19,
MN48,2016-12-01,2020-10-19,
MN42,2016-12-01,2020-10-19,
MN46,2016-12-01,2020-10-19,
MN43,2016-12-01,2020-10-19,
MN41,2016-12-01,2020-10-19,
MN21,2016-12-01,2020-10-19,
MN23,2016-12-01,2020-10-19,
MN22,2016-12-01,2020-10-19,
MN11,2016-12-01,2020-10-19,
MN65,2016-12-01,2020-10-19,
MN64,2016-12-01,2020-10-19,
MN63,2016-12-01,2020-10-19,
MN67,2016-12-01,2020-10-19,
MN61,2016-12-01,2020-10-19,
MN62,2016-12-01,2020-10-19,
MN83,2016-12-01,2020-10-19,
MN82,2016-12-01,2020-10-19,
MN84,2016-12-01,2020-10-19,
MN85,2016-12-01,2020-10-19,
MN81,2016-12-01,2020-10-19,
MZ01,2019-04-02,2019-06-07,
MZ02,2019-04-02,2019-06-07,
MZ03,2019-04-02,2019-06-07,
MZ04,2019-04-02,2019-06-07,
MZ05,2019-04-02,2019-06-07,
MZ06,2019-04-02,2019-06-07,
MZ07,2019-04-02,2019-06-07,
MZ08,2019-04-02,2019-06-07,
MZ09,2019-04-02,2019-06-07,
MZ10,2019-04-02,2019-06-07,
MZ11,2019-04-02,2019-06-07,
MR01,2020-06-12,2020-07-31,
MR02,2020-06-12,2020-07-31,
MR03,2020-06-12,2020-07-31,
MR04,2020-06-12,2020-07-31,
MR05,2020-06-12,2020-07-31,
MR06,2020-06-12,2020-07-31,
MR07,2020-06-12,2020-07-31,
MR08,2020-06-12,2020-07-31,
MR09,2020-06-12,2020-07-31,
MR10,2020-06-12,2020-07-31,
MR11,2020-06-12,2020-07-31,
MR12,2020-06-12,2020-07-31,
MR13,2020-06-12,2020-07-31,
MQ01,2017-09-09,2020-02-17,
MQ02,2017-09-09,2020-02-17,
MQ03,2017-09-09,2020-02-17,
MQ04,2017-09-09,2020-02-17,
MU19,2020-08-09,2020-08-09,
MU14,2020-08-09,2020-08-09,
MU15,2020-08-09,2020-08-09,
MU18,2020-08-09,2020-08-09,
MU12,2020-08-09,2020-08-09,
MU17,2020-08-09,2020-08-09,
MU11,2020-08-09,2020-08-09,
MU13,2020-08-09,2020-08-09,
MU16,2020-08-09,2020-08-09,
MU23,2020-08-09,2020-08-09,
MU21,2020-08-09,2020-08-09,
MU22,2020-08-09,2020-08-09,
MW1,2018-09-03,2018-10-16,
MW2,2018-09-03,2018-10-16,
MW3,2018-09-03,2018-10-16,
NA01,2011-01-01,2020-01-09,
NA02,2011-01-01,2020-01-09,
NA03,2011-01-01,2020-01-09,
NA04,2011-01-01,2020-01-09,
NA05,2011-01-01,2020-01-09,
NA06,2011-01-01,2020-01-09,
NA07,2011-01-01,2020-01-09,
NA08,2011-01-01,2020-01-09,
NA09,2011-01-01,2020-01-09,
NA10,2011-01-01,2020-01-09,
NA11,2011-01-01,2020-01-09,
NA12,2011-01-01,2020-01-09,
NA13,2011-01-01,2020-01-09,
NA14,2011-01-01,2020-01-09,
NE001,2006-01-01,2019-09-12,
NE002,2006-01-01,2019-09-12,
NE003,2006-01-01,2019-09-12,
NE004,2006-01-01,2019-09-12,
NE005,2006-01-01,2019-09-12,
NE006,2006-01-01,2019-09-12,
NE007,2006-01-01,2019-09-12,
NE008,2006-01-01,2019-09-12,
,,,
,,,
,,,
,,,
,,,
,,,
,,,
,,,
,,,
,,,
,,,
,,,
,,,
,,,
,,,
,,,
,,,
,,,
,,,
,,,
,,,
,,,
,,,
,,,
,,,
,,,
,,,
,,,
,,,
,,,
,,,
,,,
,,,
,,,
,,,
,,,
,,,
,,,
,,,
,,,
,,,
,,,
,,,
,,,
,,,
,,,
,,,
,,,
,,,
,,,
,,,
,,,
,,,
,,,
,,,
,,,
,,,
,,,
,,,
NG001,2016-11-29,2019-04-17,
NG002,2016-11-29,2019-04-17,
NG003,2016-11-29,2019-04-17,
NG004,2016-11-29,2019-04-17,
NG005,2016-11-29,2019-04-17,
NG006,2016-11-29,2019-04-17,
NG007,2016-11-29,2019-04-17,
NG008,2016-11-29,2019-04-17,
NG009,2016-11-29,2019-04-17,
NG010,2016-11-29,2019-04-17,
NG011,2016-11-29,2019-04-17,
NG012,2016-11-29,2019-04-17,
NG013,2016-11-29,2019-04-17,
NG014,2016-11-29,2019-04-17,
NG015,2016-11-29,2019-04-17,
NG016,2016-11-29,2019-04-17,
NG017,2016-11-29,2019-04-17,
NG018,2016-11-29,2019-04-17,
NG019,2016-11-29,2019-04-17,
NG020,2016-11-29,2019-04-17,
NG021,2016-11-29,2019-04-17,
NG022,2016-11-29,2019-04-17,
NG023,2016-11-29,2019-04-17,
NG024,2016-11-29,2019-04-17,
NG025,2016-11-29,2019-04-17,
NG026,2016-11-29,2019-04-17,
NG027,2016-11-29,2019-04-17,
NG028,2016-11-29,2019-04-17,
NG029,2016-11-29,2019-04-17,
NG030,2016-11-29,2019-04-17,
NG031,2016-11-29,2019-04-17,
NG032,2016-11-29,2019-04-17,
NG033,2016-11-29,2019-04-17,
NG034,2016-11-29,2019-04-17,
NG035,2016-11-29,2019-04-17,
NG036,2016-11-29,2019-04-17,
NG037,2016-11-29,2019-04-17,
NI01,2017-10-11,2020-08-13,
NI02,2017-10-11,2020-08-13,
NI03,2017-10-11,2020-08-13,
NI04,2017-10-11,2020-08-13,
NI05,2017-10-11,2020-08-13,
NI06,2017-10-11,2020-08-13,
NI07,2017-10-11,2020-08-13,
NI08,2017-10-11,2020-08-13,
NI09,2017-10-11,2020-08-13,
NI10,2017-10-11,2020-08-13,
NI11,2017-10-11,2020-08-13,
NI12,2017-10-11,2020-08-13,
NI13,2017-10-11,2020-08-13,
NI14,2017-10-11,2020-08-13,
NI15,2017-10-11,2020-08-13,
NI16,2017-10-11,2020-08-13,
NI17,2017-10-11,2020-08-13,
NP01,2020-11-11,2020-11-11,
NP02,2020-11-11,2020-11-11,
NP03,2020-11-11,2020-11-11,
NP04,2020-11-11,2020-11-11,
NP05,2020-11-11,2020-11-11,
NP06,2020-11-11,2020-11-11,
NP07,2020-11-11,2020-11-11,
PK2,2018-11-30,2018-12-18,
PK5,2018-11-30,2018-12-18,
PK6,2018-11-30,2018-12-18,
PK7,2018-11-30,2018-12-18,
PK8,2018-11-30,2018-12-18,
PA01,2020-06-15,2020-07-21,
PA02,2020-06-15,2020-07-21,
PA03,2020-06-15,2020-07-21,
PA04,2020-06-15,2020-07-21,
PA05,2020-06-15,2020-07-21,
PA06,2020-06-15,2020-07-21,
PA07,2020-06-15,2020-07-21,
PA08,2020-06-15,2020-07-21,
PA09,2020-06-15,2020-07-21,
PA10,2020-06-15,2020-07-21,
PA11,2020-06-15,2020-07-21,
PA12,2020-06-15,2020-07-21,
PA13,2020-06-15,2020-07-21,
PE01,2015-07-24,2020-07-14,
PE02,2015-07-24,2020-07-14,
PE03,2015-07-24,2020-07-14,
PE04,2015-07-24,2020-07-14,
PE05,2015-07-24,2020-07-14,
PE06,2015-07-24,2020-07-14,
PE07,2015-07-24,2020-07-14,
PE08,2015-07-24,2020-07-14,
PE09,2015-07-24,2020-07-14,
PE10,2015-07-24,2020-07-14,
PE11,2015-07-24,2020-07-14,
PE12,2015-07-24,2020-07-14,
PE13,2015-07-24,2020-07-14,
PE14,2015-07-24,2020-07-14,
PE15,2015-07-24,2020-07-14,
PE16,2015-07-24,2020-07-14,
PE17,2015-07-24,2020-07-14,
PE18,2015-07-24,2020-07-14,
PE19,2015-07-24,2020-07-14,
PE20,2015-07-24,2020-07-14,
PE21,2015-07-24,2020-07-14,
PE22,2015-07-24,2020-07-14,
PE23,2015-07-24,2020-07-14,
PE24,2015-07-24,2020-07-14,
PE25,2015-07-24,2020-07-14,
PH150000000,2016-06-30,2020-05-29,
PH140000000,2016-06-30,2020-05-29,
PH130000000,2016-06-30,2020-05-29,
PH010000000,2016-06-30,2020-05-29,
PH020000000,2016-06-30,2020-05-29,
PH030000000,2016-06-30,2020-05-29,
PH040000000,2016-06-30,2020-05-29,
PH170000000,2016-06-30,2020-05-29,
PH090000000,2016-06-30,2020-05-29,
PH050000000,2016-06-30,2020-05-29,
PH060000000,2016-06-30,2020-05-29,
PH070000000,2016-06-30,2020-05-29,
PH080000000,2016-06-30,2020-05-29,
PH100000000,2016-06-30,2020-05-29,
PH110000000,2016-06-30,2020-05-29,
PH120000000,2016-06-30,2020-05-29,
PH160000000,2016-06-30,2020-05-29,
PG01,2015-02-24,2019-05-08,
PG02,2015-02-24,2019-05-08,
PG03,2015-02-24,2019-05-08,
PG04,2015-02-24,2019-05-08,
PG05,2015-02-24,2019-05-08,
PG06,2015-02-24,2019-05-08,
PG07,2015-02-24,2019-05-08,
PG08,2015-02-24,2019-05-08,
PG09,2015-02-24,2019-05-08,
PG10,2015-02-24,2019-05-08,
PG11,2015-02-24,2019-05-08,
PG12,2015-02-24,2019-05-08,
PG13,2015-02-24,2019-05-08,
PG14,2015-02-24,2019-05-08,
PG15,2015-02-24,2019-05-08,
PG16,2015-02-24,2019-05-08,
PG17,2015-02-24,2019-05-08,
PG18,2015-02-24,2019-05-08,
PG19,2015-02-24,2019-05-08,
PG20,2015-02-24,2019-05-08,
PG21,2015-02-24,2019-05-08,
PG22,2015-02-24,2019-05-08,
PY01,2017-10-11,2020-09-16,
PY02,2017-10-11,2020-09-16,
PY03,2017-10-11,2020-09-16,
PY04,2017-10-11,2020-09-16,
PY05,2017-10-11,2020-09-16,
PY06,2017-10-11,2020-09-16,
PY07,2017-10-11,2020-09-16,
PY08,2017-10-11,2020-09-16,
PY09,2017-10-11,2020-09-16,
PY10,2017-10-11,2020-09-16,
PY11,2017-10-11,2020-09-16,
PY12,2017-10-11,2020-09-16,
PY13,2017-10-11,2020-09-16,
PY14,2017-10-11,2020-09-16,
PY15,2017-10-11,2020-09-16,
PY16,2017-10-11,2020-09-16,
PY17,2017-10-11,2020-09-16,
PY18,2017-10-11,2020-09-16,
PS01,2020-11-09,2020-11-09,
PS02,2020-11-09,2020-11-09,
RW1,2018-09-27,2020-02-20,
RW2,2018-09-27,2020-02-20,
RW3,2018-09-27,2020-02-20,
RW4,2018-09-27,2020-02-20,
RW5,2018-09-27,2020-02-20,
SD15,2020-03-11,2020-03-17,
SD08,2020-03-11,2020-03-17,
SD06,2020-03-11,2020-03-17,
SD05,2020-03-11,2020-03-17,
SD12,2020-03-11,2020-03-17,
SD11,2020-03-11,2020-03-17,
SD01,2020-03-11,2020-03-17,
SD02,2020-03-11,2020-03-17,
SD13,2020-03-11,2020-03-17,
SD17,2020-03-11,2020-03-17,
SD10,2020-03-11,2020-03-17,
SD16,2020-03-11,2020-03-17,
SD14,2020-03-11,2020-03-17,
SD03,2020-03-11,2020-03-17,
SD07,2020-03-11,2020-03-17,
SD04,2020-03-11,2020-03-17,
SD18,2020-03-11,2020-03-17,
SD09,2020-03-11,2020-03-17,
SN01,2017-08-04,2019-04-26,
SN02,2017-08-04,2019-04-26,
SN03,2017-08-04,2019-04-26,
SN04,2017-08-04,2019-04-26,
SN05,2017-08-04,2019-04-26,
SN06,2017-08-04,2019-04-26,
SN07,2017-08-04,2019-04-26,
SN08,2017-08-04,2019-04-26,
SN09,2017-08-04,2019-04-26,
SN10,2017-08-04,2019-04-26,
SN11,2017-08-04,2019-04-26,
SN12,2017-08-04,2019-04-26,
SN13,2017-08-04,2019-04-26,
SN14,2017-08-04,2019-04-26,
SB01,2018-01-12,2018-11-01,
SB02,2018-01-12,2018-11-01,
SB03,2018-01-12,2018-11-01,
SB04,2018-01-12,2018-11-01,
SB05,2018-01-12,2018-11-01,
SB06,2018-01-12,2018-11-01,
SB07,2018-01-12,2018-11-01,
SB08,2018-01-12,2018-11-01,
SB09,2018-01-12,2018-11-01,
SB10,2018-01-12,2018-11-01,
SL01,2016-08-01,2017-08-16,
SL02,2016-08-01,2017-08-16,
SL03,2016-08-01,2017-08-16,
SL04,2016-08-01,2017-08-16,
SV01,2020-05-29,2021-02-04,
SV02,2020-05-29,2021-02-04,
SV03,2020-05-29,2021-02-04,
SV04,2020-05-29,2021-02-04,
SV05,2020-05-29,2021-02-04,
SV06,2020-05-29,2021-02-04,
SV07,2020-05-29,2021-02-04,
SV08,2020-05-29,2021-02-04,
SV09,2020-05-29,2021-02-04,
SV10,2020-05-29,2021-02-04,
SV11,2020-05-29,2021-02-04,
SV12,2020-05-29,2021-02-04,
SV13,2020-05-29,2021-02-04,
SV14,2020-05-29,2021-02-04,
SO11,2014-06-06,2017-04-05,
SO12,2014-06-06,2017-04-05,
SO13,2014-06-06,2017-04-05,
SO14,2014-06-06,2017-04-05,
SO15,2014-06-06,2017-04-05,
SO16,2014-06-06,2017-04-05,
SO17,2014-06-06,2017-04-05,
SO18,2014-06-06,2017-04-05,
SO19,2014-06-06,2017-04-05,
SO20,2014-06-06,2017-04-05,
SO21,2014-06-06,2017-04-05,
SO22,2014-06-06,2017-04-05,
SO23,2014-06-06,2017-04-05,
SO24,2014-06-06,2017-04-05,
SO25,2014-06-06,2017-04-05,
SO26,2014-06-06,2017-04-05,
SO27,2014-06-06,2017-04-05,
SO28,2014-06-06,2017-04-05,
SS01,2018-08-15,2018-08-17,2021-06-30
SS02,2018-08-15,2018-08-17,2021-06-30
SS03,2018-08-15,2018-08-17,2021-06-30
SS04,2018-08-15,2018-08-17,2021-06-30
SS05,2018-08-15,2018-08-17,2021-06-30
SS06,2018-08-15,2018-08-17,2021-06-30
SS07,2018-08-15,2018-08-17,2021-06-30
SS08,2018-08-15,2018-08-17,2021-06-30
SS09,2018-08-15,2018-08-17,2021-06-30
SS10,2018-08-15,2018-08-17,2021-06-30
ST01,2020-08-17,2020-08-17,
ST02,2020-08-17,2020-08-17,
SZ1,2020-05-13,2021-01-27,
SZ2,2020-05-13,2021-01-27,
SZ3,2020-05-13,2021-01-27,
SZ4,2020-05-13,2021-01-27,
SX1,2018-09-14,2019-11-10,
SX2,2018-09-14,2019-11-10,
SX3,2018-09-14,2019-11-10,
SX4,2018-09-14,2019-11-10,
SX5,2018-09-14,2019-11-10,
SX6,2018-09-14,2019-11-10,
SX7,2018-09-14,2019-11-10,
SX8,2018-09-14,2019-11-10,
SC1,2020-05-28,2020-05-28,
SC2,2020-05-28,2020-05-28,
SC3,2020-05-28,2020-05-28,
SC4,2020-05-28,2020-05-28,
SY08,2017-06-01,2020-12-17,
SY02,2017-06-01,2020-12-17,
SY11,2017-06-01,2020-12-17,
SY13,2017-06-01,2020-12-17,
SY01,2017-06-01,2020-12-17,
SY12,2017-06-01,2020-12-17,
SY09,2017-06-01,2020-12-17,
SY05,2017-06-01,2020-12-17,
SY04,2017-06-01,2020-12-17,
SY07,2017-06-01,2020-12-17,
SY06,2017-06-01,2020-12-17,
SY14,2017-06-01,2020-12-17,
SY03,2017-06-01,2020-12-17,
SY10,2017-06-01,2020-12-17,
,,,
,,,
,,,
,,,
,,,
,,,
,,,
,,,
,,,
,,,
,,,
,,,
,,,
,,,
,,,
,,,
,,,
,,,
,,,
,,,
TD01,2016-03-15,2016-05-09,
TD02,2016-03-15,2016-05-09,
TD03,2016-03-15,2016-05-09,
TD04,2016-03-15,2016-05-09,
TD05,2016-03-15,2016-05-09,
TD06,2016-03-15,2016-05-09,
TD07,2016-03-15,2016-05-09,
TD08,2016-03-15,2016-05-09,
TD09,2016-03-15,2016-05-09,
TD10,2016-03-15,2016-05-09,
TD11,2016-03-15,2016-05-09,
TD12,2016-03-15,2016-05-09,
TD13,2016-03-15,2016-05-09,
TD14,2016-03-15,2016-05-09,
TD15,2016-03-15,2016-05-09,
TD16,2016-03-15,2016-05-09,
TD17,2016-03-15,2016-05-09,
TD18,2016-03-15,2016-05-09,
TD19,2016-03-15,2016-05-09,
TD20,2016-03-15,2016-05-09,
TD21,2016-03-15,2016-05-09,
TD22,2016-03-15,2016-05-09,
TD23,2016-03-15,2016-05-09,
TG01,2020-12-16,2021-01-07,
TG02,2020-12-16,2021-01-07,
TG03,2020-12-16,2021-01-07,
TG04,2020-12-16,2021-01-07,
TG05,2020-12-16,2021-01-07,
,,,
,,,
,,,
,,,
,,,
,,,
,,,
,,,
,,,
,,,
,,,
,,,
,,,
,,,
,,,
,,,
,,,
,,,
,,,
,,,
,,,
,,,
,,,
,,,
,,,
,,,
,,,
,,,
,,,
TH10,2019-02-18,2019-02-21,
TH11,2019-02-18,2019-02-21,
TH12,2019-02-18,2019-02-21,
TH13,2019-02-18,2019-02-21,
TH14,2019-02-18,2019-02-21,
TH15,2019-02-18,2019-02-21,
TH16,2019-02-18,2019-02-21,
TH17,2019-02-18,2019-02-21,
TH18,2019-02-18,2019-02-21,
TH19,2019-02-18,2019-02-21,
TH20,2019-02-18,2019-02-21,
TH21,2019-02-18,2019-02-21,
TH22,2019-02-18,2019-02-21,
TH23,2019-02-18,2019-02-21,
TH24,2019-02-18,2019-02-21,
TH25,2019-02-18,2019-02-21,
TH26,2019-02-18,2019-02-21,
TH27,2019-02-18,2019-02-21,
TH30,2019-02-18,2019-02-21,
TH31,2019-02-18,2019-02-21,
TH32,2019-02-18,2019-02-21,
TH33,2019-02-18,2019-02-21,
TH34,2019-02-18,2019-02-21,
TH35,2019-02-18,2019-02-21,
TH36,2019-02-18,2019-02-21,
TH37,2019-02-18,2019-02-21,
TH38,2019-02-18,2019-02-21,
TH39,2019-02-18,2019-02-21,
TH40,2019-02-18,2019-02-21,
TH41,2019-02-18,2019-02-21,
TH42,2019-02-18,2019-02-21,
TH43,2019-02-18,2019-02-21,
TH44,2019-02-18,2019-02-21,
TH45,2019-02-18,2019-02-21,
TH46,2019-02-18,2019-02-21,
TH47,2019-02-18,2019-02-21,
TH48,2019-02-18,2019-02-21,
TH49,2019-02-18,2019-02-21,
TH50,2019-02-18,2019-02-21,
TH51,2019-02-18,2019-02-21,
TH52,2019-02-18,2019-02-21,
TH53,2019-02-18,2019-02-21,
TH54,2019-02-18,2019-02-21,
TH55,2019-02-18,2019-02-21,
TH56,2019-02-18,2019-02-21,
TH57,2019-02-18,2019-02-21,
TH58,2019-02-18,2019-02-21,
TH60,2019-02-18,2019-02-21,
TH61,2019-02-18,2019-02-21,
TH62,2019-02-18,2019-02-21,
TH63,2019-02-18,2019-02-21,
TH64,2019-02-18,2019-02-21,
TH65,2019-02-18,2019-02-21,
TH66,2019-02-18,2019-02-21,
TH67,2019-02-18,2019-02-21,
TH70,2019-02-18,2019-02-21,
TH71,2019-02-18,2019-02-21,
TH72,2019-02-18,2019-02-21,
TH73,2019-02-18,2019-02-21,
TH74,2019-02-18,2019-02-21,
TH75,2019-02-18,2019-02-21,
TH76,2019-02-18,2019-02-21,
TH77,2019-02-18,2019-02-21,
TH80,2019-02-18,2019-02-21,
TH81,2019-02-18,2019-02-21,
TH82,2019-02-18,2019-02-21,
TH83,2019-02-18,2019-02-21,
TH84,2019-02-18,2019-02-21,
TH85,2019-02-18,2019-02-21,
TH86,2019-02-18,2019-02-21,
TH90,2019-02-18,2019-02-21,
TH91,2019-02-18,2019-02-21,
TH92,2019-02-18,2019-02-21,
TH93,2019-02-18,2019-02-21,
TH94,2019-02-18,2019-02-21,
TH95,2019-02-18,2019-02-21,
TH96,2019-02-18,2019-02-21,
TL02,2006-12-10,2020-09-11,
TL01,2006-12-10,2020-09-11,
TL03,2006-12-10,2020-09-11,
TL04,2006-12-10,2020-09-11,
TL05,2006-12-10,2020-09-11,
TL06,2006-12-10,2020-09-11,
TL07,2006-12-10,2020-09-11,
TL09,2006-12-10,2020-09-11,
TL08,2006-12-10,2020-09-11,
TL11,2006-12-10,2020-09-11,
TL10,2006-12-10,2020-09-11,
TL12,2006-12-10,2020-09-11,
TL13,2006-12-10,2020-09-11,
TO1,2018-02-05,2018-02-12,
TO2,2018-02-05,2018-02-12,
TO3,2018-02-05,2018-02-12,
TO4,2018-02-05,2018-02-12,
TO5,2018-02-05,2018-02-12,
TR001,2020-01-01,2020-03-26,
TR002,2020-01-01,2020-03-26,
TR003,2020-01-01,2020-03-26,
TR004,2020-01-01,2020-03-26,
TR005,2020-01-01,2020-03-26,
TR006,2020-01-01,2020-03-26,
TR007,2020-01-01,2020-03-26,
TR008,2020-01-01,2020-03-26,
TR009,2020-01-01,2020-03-26,
TR010,2020-01-01,2020-03-26,
TR011,2020-01-01,2020-03-26,
TR012,2020-01-01,2020-03-26,
TR013,2020-01-01,2020-03-26,
TR014,2020-01-01,2020-03-26,
TR015,2020-01-01,2020-03-26,
TR016,2020-01-01,2020-03-26,
TR017,2020-01-01,2020-03-26,
TR018,2020-01-01,2020-03-26,
TR019,2020-01-01,2020-03-26,
TR020,2020-01-01,2020-03-26,
TR021,2020-01-01,2020-03-26,
TR022,2020-01-01,2020-03-26,
TR023,2020-01-01,2020-03-26,
TR024,2020-01-01,2020-03-26,
TR025,2020-01-01,2020-03-26,
TR026,2020-01-01,2020-03-26,
TR027,2020-01-01,2020-03-26,
TR028,2020-01-01,2020-03-26,
TR029,2020-01-01,2020-03-26,
TR030,2020-01-01,2020-03-26,
TR031,2020-01-01,2020-03-26,
TR032,2020-01-01,2020-03-26,
TR033,2020-01-01,2020-03-26,
TR034,2020-01-01,2020-03-26,
TR035,2020-01-01,2020-03-26,
TR036,2020-01-01,2020-03-26,
TR037,2020-01-01,2020-03-26,
TR038,2020-01-01,2020-03-26,
TR039,2020-01-01,2020-03-26,
TR040,2020-01-01,2020-03-26,
TR041,2020-01-01,2020-03-26,
TR042,2020-01-01,2020-03-26,
TR043,2020-01-01,2020-03-26,
TR044,2020-01-01,2020-03-26,
TR045,2020-01-01,2020-03-26,
TR046,2020-01-01,2020-03-26,
TR047,2020-01-01,2020-03-26,
TR048,2020-01-01,2020-03-26,
TR049,2020-01-01,2020-03-26,
TR050,2020-01-01,2020-03-26,
TR051,2020-01-01,2020-03-26,
TR052,2020-01-01,2020-03-26,
TR053,2020-01-01,2020-03-26,
TR054,2020-01-01,2020-03-26,
TR055,2020-01-01,2020-03-26,
TR056,2020-01-01,2020-03-26,
TR057,2020-01-01,2020-03-26,
TR058,2020-01-01,2020-03-26,
TR059,2020-01-01,2020-03-26,
TR060,2020-01-01,2020-03-26,
TR061,2020-01-01,2020-03-26,
TR062,2020-01-01,2020-03-26,
TR063,2020-01-01,2020-03-26,
TR064,2020-01-01,2020-03-26,
TR065,2020-01-01,2020-03-26,
TR066,2020-01-01,2020-03-26,
TR067,2020-01-01,2020-03-26,
TR068,2020-01-01,2020-03-26,
TR069,2020-01-01,2020-03-26,
TR070,2020-01-01,2020-03-26,
TR071,2020-01-01,2020-03-26,
TR072,2020-01-01,2020-03-26,
TR073,2020-01-01,2020-03-26,
TR074,2020-01-01,2020-03-26,
TR075,2020-01-01,2020-03-26,
TR076,2020-01-01,2020-03-26,
TR077,2020-01-01,2020-03-26,
TR078,2020-01-01,2020-03-26,
TR079,2020-01-01,2020-03-26,
TR080,2020-01-01,2020-03-26,
TR081,2020-01-01,2020-03-26,
TZ01,2018-10-19,2018-10-22,
TZ02,2018-10-19,2018-10-22,
TZ03,2018-10-19,2018-10-22,
TZ04,2018-10-19,2018-10-22,
TZ05,2018-10-19,2018-10-22,
TZ06,2018-10-19,2018-10-22,
TZ07,2018-10-19,2018-10-22,
TZ08,2018-10-19,2018-10-22,
TZ09,2018-10-19,2018-10-22,
TZ10,2018-10-19,2018-10-22,
TZ11,2018-10-19,2018-10-22,
TZ12,2018-10-19,2018-10-22,
TZ13,2018-10-19,2018-10-22,
TZ14,2018-10-19,2018-10-22,
TZ15,2018-10-19,2018-10-22,
TZ16,2018-10-19,2018-10-22,
TZ17,2018-10-19,2018-10-22,
TZ18,2018-10-19,2018-10-22,
TZ19,2018-10-19,2018-10-22,
TZ20,2018-10-19,2018-10-22,
TZ21,2018-10-19,2018-10-22,
TZ22,2018-10-19,2018-10-22,
TZ23,2018-10-19,2018-10-22,
TZ24,2018-10-19,2018-10-22,
TZ25,2018-10-19,2018-10-22,
TZ26,2018-10-19,2018-10-22,
TZ51,2018-10-19,2018-10-22,
TZ52,2018-10-19,2018-10-22,
TZ53,2018-10-19,2018-10-22,
TZ54,2018-10-19,2018-10-22,
TZ55,2018-10-19,2018-10-22,
,,,
,,,
,,,
,,,
,,,
,,,
,,,
,,,
,,,
,,,
,,,
,,,
,,,
,,,
,,,
,,,
,,,
,,,
,,,
,,,
,,,
,,,
,,,
,,,
,,,
,,,
,,,
,,,
,,,
,,,
,,,
,,,
,,,
,,,
,,,
,,,
,,,
,,,
,,,
,,,
,,,
,,,
,,,
,,,
,,,
,,,
,,,
,,,
,,,
,,,
,,,
,,,
,,,
,,,
,,,
,,,
,,,
,,,
,,,
,,,
,,,
,,,
,,,
,,,
,,,
,,,
,,,
,,,
,,,
,,,
,,,
,,,
,,,
,,,
,,,
,,,
,,,
,,,
,,,
,,,
,,,
,,,
,,,
,,,
,,,
,,,
,,,
,,,
,,,
,,,
,,,
,,,
,,,
,,,
,,,
,,,
,,,
,,,
,,,
,,,
,,,
,,,
,,,
,,,
,,,
,,,
,,,
,,,
,,,
,,,
,,,
,,,
,,,
,,,
,,,
,,,
,,,
,,,
,,,
,,,
,,,
,,,
,,,
,,,
,,,
,,,
,,,
,,,
,,,
,,,
,,,
,,,
,,,
,,,
,,,
,,,
,,,
,,,
,,,
UG1,2020-06-11,2020-08-24,
UG2,2020-06-11,2020-08-24,
UG3,2020-06-11,2020-08-24,
UG4,2020-06-11,2020-08-24,
UA01,2017-10-02,2017-12-21,
UA05,2017-10-02,2017-12-21,
UA07,2017-10-02,2017-12-21,
UA12,2017-10-02,2017-12-21,
UA14,2017-10-02,2017-12-21,
UA18,2017-10-02,2017-12-21,
UA21,2017-10-02,2017-12-21,
UA23,2017-10-02,2017-12-21,
UA26,2017-10-02,2017-12-21,
UA32,2017-10-02,2017-12-21,
UA35,2017-10-02,2017-12-21,
UA44,2017-10-02,2017-12-21,
UA46,2017-10-02,2017-12-21,
UA48,2017-10-02,2017-12-21,
UA51,2017-10-02,2017-12-21,
UA53,2017-10-02,2017-12-21,
UA56,2017-10-02,2017-12-21,
UA59,2017-10-02,2017-12-21,
UA61,2017-10-02,2017-12-21,
UA63,2017-10-02,2017-12-21,
UA65,2017-10-02,2017-12-21,
UA68,2017-10-02,2017-12-21,
UA71,2017-10-02,2017-12-21,
UA73,2017-10-02,2017-12-21,
UA74,2017-10-02,2017-12-21,
UA80,2017-10-02,2017-12-21,
UA85,2017-10-02,2017-12-21,
UY01,2017-10-11,2020-07-27,
UY02,2017-10-11,2020-07-27,
UY03,2017-10-11,2020-07-27,
UY04,2017-10-11,2020-07-27,
UY05,2017-10-11,2020-07-27,
UY06,2017-10-11,2020-07-27,
UY07,2017-10-11,2020-07-27,
UY08,2017-10-11,2020-07-27,
UY09,2017-10-11,2020-07-27,
UY10,2017-10-11,2020-07-27,
UY11,2017-10-11,2020-07-27,
UY12,2017-10-11,2020-07-27,
UY13,2017-10-11,2020-07-27,
UY14,2017-10-11,2020-07-27,
UY15,2017-10-11,2020-07-27,
UY16,2017-10-11,2020-07-27,
UY17,2017-10-11,2020-07-27,
UY18,2017-10-11,2020-07-27,
UY19,2017-10-11,2020-07-27,
UZ22,2018-07-12,2020-05-27,
UZ12,2018-07-12,2020-05-27,
UZ06,2018-07-12,2020-05-27,
UZ10,2018-07-12,2020-05-27,
UZ18,2018-07-12,2020-05-27,
UZ08,2018-07-12,2020-05-27,
UZ33,2018-07-12,2020-05-27,
UZ35,2018-07-12,2020-05-27,
UZ30,2018-07-12,2020-05-27,
UZ24,2018-07-12,2020-05-27,
UZ27,2018-07-12,2020-05-27,
UZ14,2018-07-12,2020-05-27,
UZ26,2018-07-12,2020-05-27,
UZ03,2018-07-12,2020-05-27,
VE01,2018-05-02,2019-11-10,
VE02,2018-05-02,2019-11-10,
VE03,2018-05-02,2019-11-10,
VE04,2018-05-02,2019-11-10,
VE05,2018-05-02,2019-11-10,
VE06,2018-05-02,2019-11-10,
VE07,2018-05-02,2019-11-10,
VE08,2018-05-02,2019-11-10,
VE09,2018-05-02,2019-11-10,
VE10,2018-05-02,2019-11-10,
VE11,2018-05-02,2019-11-10,
VE12,2018-05-02,2019-11-10,
VE13,2018-05-02,2019-11-10,
VE14,2018-05-02,2019-11-10,
VE15,2018-05-02,2019-11-10,
VE16,2018-05-02,2019-11-10,
VE17,2018-05-02,2019-11-10,
VE18,2018-05-02,2019-11-10,
VE19,2018-05-02,2019-11-10,
VE20,2018-05-02,2019-11-10,
VE21,2018-05-02,2019-11-10,
VE22,2018-05-02,2019-11-10,
VE23,2018-05-02,2019-11-10,
VE24,2018-05-02,2019-11-10,
VN101,2019-10-01,2020-01-03,
VN103,2019-10-01,2020-01-03,
VN104,2019-10-01,2020-01-03,
VN106,2019-10-01,2020-01-03,
VN107,2019-10-01,2020-01-03,
VN109,2019-10-01,2020-01-03,
VN111,2019-10-01,2020-01-03,
VN113,2019-10-01,2020-01-03,
VN115,2019-10-01,2020-01-03,
VN117,2019-10-01,2020-01-03,
VN201,2019-10-01,2020-01-03,
VN203,2019-10-01,2020-01-03,
VN205,2019-10-01,2020-01-03,
VN207,2019-10-01,2020-01-03,
VN209,2019-10-01,2020-01-03,
VN211,2019-10-01,2020-01-03,
VN213,2019-10-01,2020-01-03,
VN215,2019-10-01,2020-01-03,
VN217,2019-10-01,2020-01-03,
VN221,2019-10-01,2020-01-03,
VN225,2019-10-01,2020-01-03,
VN301,2019-10-01,2020-01-03,
VN302,2019-10-01,2020-01-03,
VN303,2019-10-01,2020-01-03,
VN305,2019-10-01,2020-01-03,
VN401,2019-10-01,2020-01-03,
VN403,2019-10-01,2020-01-03,
VN405,2019-10-01,2020-01-03,
VN407,2019-10-01,2020-01-03,
VN409,2019-10-01,2020-01-03,
VN411,2019-10-01,2020-01-03,
VN501,2019-10-01,2020-01-03,
VN503,2019-10-01,2020-01-03,
VN505,2019-10-01,2020-01-03,
VN507,2019-10-01,2020-01-03,
VN509,2019-10-01,2020-01-03,
VN511,2019-10-01,2020-01-03,
VN601,2019-10-01,2020-01-03,
VN603,2019-10-01,2020-01-03,
VN605,2019-10-01,2020-01-03,
VN606,2019-10-01,2020-01-03,
VN607,2019-10-01,2020-01-03,
VN701,2019-10-01,2020-01-03,
VN705,2019-10-01,2020-01-03,
VN707,2019-10-01,2020-01-03,
VN709,2019-10-01,2020-01-03,
VN711,2019-10-01,2020-01-03,
VN713,2019-10-01,2020-01-03,
VN715,2019-10-01,2020-01-03,
VN717,2019-10-01,2020-01-03,
VN801,2019-10-01,2020-01-03,
VN803,2019-10-01,2020-01-03,
VN805,2019-10-01,2020-01-03,
VN807,2019-10-01,2020-01-03,
VN809,2019-10-01,2020-01-03,
VN811,2019-10-01,2020-01-03,
VN813,2019-10-01,2020-01-03,
VN815,2019-10-01,2020-01-03,
VN816,2019-10-01,2020-01-03,
VN817,2019-10-01,2020-01-03,
VN819,2019-10-01,2020-01-03,
VN821,2019-10-01,2020-01-03,
VN823,2019-10-01,2020-01-03,
VU01,2017-10-31,2018-08-24,
VU02,2017-10-31,2018-08-24,
VU03,2017-10-31,2018-08-24,
VU04,2017-10-31,2018-08-24,
VU05,2017-10-31,2018-08-24,
VU06,2017-10-31,2018-08-24,
YE11,2019-02-01,2019-10-02,
YE12,2019-02-01,2019-10-02,
YE13,2019-02-01,2019-10-02,
YE14,2019-02-01,2019-10-02,
YE15,2019-02-01,2019-10-02,
YE16,2019-02-01,2019-10-02,
YE17,2019-02-01,2019-10-02,
YE18,2019-02-01,2019-10-02,
YE19,2019-02-01,2019-10-02,
YE20,2019-02-01,2019-10-02,
YE21,2019-02-01,2019-10-02,
YE22,2019-02-01,2019-10-02,
YE23,2019-02-01,2019-10-02,
YE24,2019-02-01,2019-10-02,
YE25,2019-02-01,2019-10-02,
YE26,2019-02-01,2019-10-02,
YE27,2019-02-01,2019-10-02,
YE28,2019-02-01,2019-10-02,
YE29,2019-02-01,2019-10-02,
YE30,2019-02-01,2019-10-02,
YE31,2019-02-01,2019-10-02,
YE32,2019-02-01,2019-10-02,
ZA2,2018-12-27,2020-11-09,
ZA4,2018-12-27,2020-11-09,
ZA7,2018-12-27,2020-11-09,
ZA5,2018-12-27,2020-11-09,
ZA9,2018-12-27,2020-11-09,
ZA8,2018-12-27,2020-11-09,
ZA6,2018-12-27,2020-11-09,
ZA3,2018-12-27,2020-11-09,
ZA1,2018-12-27,2020-11-09,
ZM10,2020-01-03,2020-11-24,
ZM20,2020-01-03,2020-11-24,
ZM30,2020-01-03,2020-11-24,
ZM40,2020-01-03,2020-11-24,
ZM50,2020-01-03,2020-11-24,
ZM11,2020-01-03,2020-11-24,
ZM70,2020-01-03,2020-11-24,
ZM60,2020-01-03,2020-11-24,
ZM80,2020-01-03,2020-11-24,
ZM90,2020-01-03,2020-11-24,
ZW10,2018-08-31,2018-09-11,
ZW11,2018-08-31,2018-09-11,
ZW12,2018-08-31,2018-09-11,
ZW13,2018-08-31,2018-09-11,
ZW14,2018-08-31,2018-09-11,
ZW15,2018-08-31,2018-09-11,
ZW16,2018-08-31,2018-09-11,
ZW17,2018-08-31,2018-09-11,
ZW18,2018-08-31,2018-09-11,
ZW19,2018-08-31,2018-09-11,
